要素ID,DITIEXIAN_ID,地铁线路名称,几何类型,坐标系,长度（米）,最小经度,最大经度,最小纬度,最大纬度,经纬度坐标列表
0,DITIEXIANLU_2022_2,无,LineString,EPSG:4326 (WGS84经纬度),0.06,118.744634,118.804373,32.059434,32.062494,"[(118.744634, 32.061665), (118.750586, 32.062494), (118.769459, 32.061146), (118.778059, 32.060831), (118.792291, 32.059507), (118.800748, 32.059434), (118.804373, 32.062329)]"
1,DITIEXIANLU_2022_3,无,LineString,EPSG:4326 (WGS84经纬度),0.06,118.785778,118.795771,32.009446,32.063644,"[(118.795771, 32.063644), (118.792694, 32.058708), (118.791163, 32.051442), (118.789713, 32.044075), (118.78719, 32.035758), (118.785778, 32.026332), (118.789483, 32.015795), (118.787977, 32.009446)]"
2,DITIEXIANLU_2022_4,无,LineString,EPSG:4326 (WGS84经纬度),0.07,118.772185,118.781093,32.015096,32.083381,"[(118.781093, 32.083381), (118.778624, 32.08195), (118.778959, 32.072151), (118.77861, 32.060695), (118.779014, 32.05314), (118.778951, 32.042417), (118.778799, 32.033037), (118.776502, 32.024911), (118.772185, 32.015096)]"
3,DITIEXIANLU_2022_5,无,LineString,EPSG:4326 (WGS84经纬度),0.08,118.750454,118.822834,32.032358,32.052481,"[(118.750454, 32.049726), (118.753938, 32.050397), (118.76447, 32.051188), (118.770715, 32.052481), (118.77888, 32.05236), (118.790903, 32.050577), (118.800484, 32.047839), (118.805192, 32.037204), (118.816782, 32.033523), (118.822834, 32.032358)]"
4,DITIEXIANLU_2022_6,无,LineString,EPSG:4326 (WGS84经纬度),0.06,118.760088,118.822847,32.041296,32.044764,"[(118.822847, 32.04178), (118.814296, 32.041296), (118.800554, 32.042282), (118.789556, 32.043069), (118.778985, 32.043796), (118.770838, 32.04425), (118.761814, 32.044764), (118.760088, 32.043628)]"
